{"X1":[1.6,2.2,2.8,4],"Y1":[4.6,5.440338243999999,6.581151763805067,8.004942243510067],"X2":[1.6,1.6375000000000002,1.675,1.7125000000000001,1.75,1.7875,1.8250000000000002,1.8625,1.9000000000000001,1.9375,1.975,2.0125,2.05,2.0875,2.125,2.1625,2.2,2.2375,2.275,2.3125,2.35,2.3875,2.425,2.4625,2.5,2.5375,2.575,2.6125,2.6500000000000004,2.6875,2.725,2.7625,2.8,2.8375000000000004,2.875,2.9125,2.95,2.9875,3.0250000000000004,3.0625,3.1,3.1375,3.175,3.2125000000000004,3.25,3.2875,3.325,3.3625,3.4,3.4375,3.475,3.5125,3.55,3.5875,3.625,3.6625,3.7,3.7375,3.775,3.8125,3.85,3.8875,3.925,4],"Y2":[4.6,4.643372190769104,4.687985656976755,4.733835752556877,4.780917848833516,4.829227334455745,4.878759615332823,4.929510114569587,4.981474272402088,5.034647546133472,5.089025410070098,5.144603355457893,5.201376890418952,5.259341539888364,5.3184928455512885,5.378826365780257,5.440337675572711,5.503022366488779,5.566876046589281,5.631894340373964,5.6980728887199765,5.765407348820567,5.833893394124009,5.903526714272764,5.974303015042864,6.0462180182835255,6.119267461856986,6.193447099578571,6.268752701156978,6.345180052134791,6.422724953829212,6.501383223273019,6.5811506931557435,6.662023211765065,6.743996642928429,6.827066865954882,6.911229775577126,6.996481281893783,7.082817310311887,7.17023380148958,7.258726711279031,7.34829201066956,7.438925685730988,7.530623737557184,7.623382182209832,7.717197050662411,7.812064388744372,7.907980257085542,8.00494073106072,8.102941900734491,8.201979870806236,8.302050760555362,8.403150703786727,8.505275848776268,8.60842235821684,8.712586409164253,8.817764192983507,8.923951915295243,9.031145795922376,9.139342068836937,9.248536982107119,9.35872679784451,9.469907792151528,9.582076255069058],"X3":[1.6,1.6187500000000001,1.6375000000000002,1.65625,1.675,1.69375,1.7125000000000001,1.7312500000000002,1.75,1.76875,1.7875,1.8062500000000001,1.8250000000000002,1.84375,1.8625,1.88125,1.9000000000000001,1.9187500000000002,1.9375,1.95625,1.975,1.9937500000000001,2.0125,2.03125,2.05,2.06875,2.0875,2.10625,2.125,2.14375,2.1625,2.18125,2.2,2.21875,2.2375,2.25625,2.275,2.29375,2.3125,2.33125,2.35,2.36875,2.3875,2.40625,2.425,2.44375,2.4625,2.48125,2.5,2.51875,2.5375,2.55625,2.575,2.59375,2.6125,2.63125,2.6500000000000004,2.66875,2.6875,2.70625,2.725,2.7437500000000004,2.7625,2.78125,2.8,2.81875,2.8375000000000004,2.85625,2.875,2.89375,2.9125,2.9312500000000004,2.95,2.96875,2.9875,3.00625,3.0250000000000004,3.04375,3.0625,3.08125,3.1,3.1187500000000004,3.1375,3.15625,3.175,3.19375,3.2125000000000004,3.23125,3.25,3.26875,3.2875,3.3062500000000004,3.325,3.34375,3.3625,3.38125,3.4,3.41875,3.4375,3.45625,3.475,3.49375,3.5125,3.53125,3.55,3.56875,3.5875,3.60625,3.625,3.64375,3.6625,3.68125,3.7,3.71875,3.7375,3.75625,3.775,3.79375,3.8125,3.83125,3.85,3.86875,3.8875,3.90625,3.925,3.94375,3.9625,4],"Y3":[4.6,4.62153064489426,4.6433721907685905,4.665524055229818,4.687985656975733,4.710756415793046,4.73383575255535,4.75722308922108,4.7809178488314865,4.8049194555086014,4.829227334453218,4.853840911942868,4.878759615329803,4.903982873038985,4.929510114566076,4.95534077047543,4.981474272398091,5.007910053029799,5.034647546128992,5.061686186514817,5.0890254100651395,5.116664653714566,5.1446033554524595,5.172840954320967,5.201376890413045,5.230210604870494,5.259341539881989,5.288769138681124,5.31849284554445,5.348512105789523,5.378826365772957,5.4094350728884715,5.440337675564954,5.471533623264517,5.503022366480567,5.5348033567358685,5.566876046580617,5.599239889590516,5.631894340364853,5.664838854524585,5.698072888710422,5.7315959005809205,5.765407348810572,5.799506693087904,5.833893394113577,5.868566913598493,5.903526714261899,5.9387722598294985,5.974303015031569,6.010118445601077,6.046218018271803,6.082601200776463,6.11926746184484,6.156216271201916,6.193447099566005,6.230959418646897,6.268752701143996,6.3068264207444695,6.345180052121396,6.38381307093192,6.422724953815407,6.461915178391605,6.501383223258808,6.541128567992019,6.5811506931411285,6.6214490802290795,6.66202321175005,6.7028725711676325,6.743996642913017,6.785394912383181,6.827066865939076,6.869011990903829,6.91122977556093,6.953719709152441,6.996481281877199,7.039513984889021,7.082817310294918,7.126390751153307,7.17023380147223,7.214345956207576,7.2587267112613025,7.303375563479667,7.348292010651457,7.393475551506222,7.438925685712513,7.484641913876125,7.530623737538339,7.576870659174171,7.623382182190621,7.67015781092493,7.717197050642836,7.764499407536833,7.812064388724438,7.859891502246455,7.907980257065251,7.956330163063022,8.004940731040076,8.05381147271311,8.102941900713494,8.152331528585561,8.201979870784891,8.251886442676607,8.302050760533673,8.352472341535188,8.403150703764696,8.454085366208485,8.505275848753898,8.55672167218765,8.608422358194133,8.660377429353748,8.712586409141212,8.765048821923893,8.817764192960135,8.870732048397588,8.923951915271543,8.977423321503267,9.031145795898349,9.085118868145036,9.139342068812587,9.193814929349616,9.248536982082449,9.303507760213478,9.358726797819521,9.414193629850185,9.469907792126225,9.525868821337921,9.582076255043445,9.63852963166723]}